disease,column_name,display_name,unit,normal_min,normal_max,sex_specific,male_normal_min,male_normal_max,female_normal_min,female_normal_max,direction_of_concern,mild_low_threshold,mild_high_threshold,critical_low_threshold,critical_high_threshold,label_0_normal,label_1_mild,label_2_critical,verified_source,clinical_notes
Diabetes,hba1c,HbA1c (Glycated Hemoglobin),%,NA,5.6,No,NA,NA,NA,NA,HIGH_BAD,NA,5.7,NA,8.0,HbA1c < 5.7%,HbA1c 5.7%–7.9% (prediabetes or controlled diabetes),HbA1c >= 8.0% (poorly controlled — treatment intensification required),ADA Standards of Care 2024,5.7–6.4% = prediabetes; >=6.5% on two tests = diabetes; >=8.0% = poor glycaemic control. Primary diagnostic criterion per ADA.
Diabetes,fasting_glucose,Fasting Plasma Glucose (FPG),mg/dL,70,99,No,NA,NA,NA,NA,BOTH,55,100,50,200,Fasting glucose 70–99 mg/dL,100–125 mg/dL (IFG/prediabetes) OR 55–69 mg/dL (mild hypoglycaemia),>= 126 mg/dL on two occasions (diabetes) OR < 55 mg/dL (severe hypoglycaemia),ADA Standards of Care 2024,Must be fasting >= 8 hr. Hypoglycaemia alert: <70; significant: <54; severe: <40 mg/dL. For Indian pop. use same ADA cutoffs.
Diabetes,postprandial_glucose_2hr,2-hr Postprandial Glucose (OGTT),mg/dL,NA,139,No,NA,NA,NA,NA,HIGH_BAD,NA,140,NA,200,2-hr OGTT < 140 mg/dL,140–199 mg/dL (IGT — Impaired Glucose Tolerance / prediabetes),>= 200 mg/dL (diabetes confirmed),ADA Standards of Care 2024,75 g oral glucose load. Most sensitive for early glucose intolerance. IGT = prediabetes. Done exactly at 2-hr mark post load.
Diabetes,random_glucose,Random (Casual) Blood Glucose,mg/dL,NA,139,No,NA,NA,NA,NA,HIGH_BAD,NA,140,NA,200,< 140 mg/dL,140–199 mg/dL (impaired),>= 200 mg/dL with classic symptoms (polyuria/polydipsia) = diabetes,ADA Standards of Care 2024,Non-fasting. Alone can diagnose only if >= 200 + symptoms. Otherwise confirm with FPG or HbA1c.
Diabetes,fasting_insulin,Fasting Serum Insulin,µIU/mL,2,25,No,NA,NA,NA,NA,HIGH_BAD,NA,25,NA,50,2–24.9 µIU/mL,25–50 µIU/mL (hyperinsulinaemia / insulin resistance),> 50 µIU/mL (severe insulin resistance),Clinical laboratory reference (NHANES),Used to compute HOMA-IR = (fasting_glucose × fasting_insulin) / 405. HOMA-IR > 2.5 = insulin resistance; > 5.0 = severe. Very low in Type 1 DM.
Diabetes,c_peptide,C-Peptide,ng/mL,0.5,2.0,No,NA,NA,NA,NA,BOTH,0.5,2.0,0.2,4.0,0.5–2.0 ng/mL,0.2–0.49 ng/mL or 2.1–3.9 ng/mL,< 0.2 ng/mL (Type 1 DM / pancreatic failure) OR > 4.0 ng/mL,Endocrine Society / Clinical standard,Co-secreted with insulin in equimolar amounts. Low = Type 1 DM. Normal/high = Type 2 DM. Distinguishes T1 vs T2. Not in all lab panels; use if available.
Diabetes,triglycerides,Triglycerides (Fasting),mg/dL,NA,149,No,NA,NA,NA,NA,HIGH_BAD,NA,150,NA,500,< 150 mg/dL,150–499 mg/dL (borderline–high; metabolic syndrome marker),>= 500 mg/dL (very high; acute pancreatitis risk),ADA 2024 / AHA/ACC 2019 / NCEP ATP III,Hypertriglyceridaemia is extremely common in T2DM and metabolic syndrome. Fasting sample required. >= 500 = immediate clinical concern.
Diabetes,hdl,HDL Cholesterol,mg/dL,NA,NA,Yes,40,NA,50,NA,LOW_BAD,35,NA,30,NA,>= 40 mg/dL (men); >= 50 mg/dL (women),35–39 mg/dL (men); 40–49 mg/dL (women) — low HDL,< 35 mg/dL (men); < 40 mg/dL (women) — very low HDL,ADA 2024 / ATP III / AHA 2019,Low HDL = independent CVD risk factor and metabolic syndrome criterion. ATP III cutoffs: <40 men / <50 women. Extremely common in T2DM.
Diabetes,ldl,LDL Cholesterol,mg/dL,NA,99,No,NA,NA,NA,NA,HIGH_BAD,NA,100,NA,190,< 100 mg/dL (ADA target for diabetics),100–189 mg/dL (above ADA target),>= 190 mg/dL (very high; familial hypercholesterolaemia range),ADA 2024 / AHA/ACC 2019,ADA target: <100; <70 for high CVD risk diabetics. Friedewald equation: LDL = Total_Chol − HDL − (TG/5). Invalid if TG > 400.
Diabetes,uacr,Urine Albumin-Creatinine Ratio (UACR),mg/g,NA,29,No,NA,NA,NA,NA,HIGH_BAD,NA,30,NA,300,< 30 mg/g,30–300 mg/g (microalbuminuria — early diabetic nephropathy),> 300 mg/g (macroalbuminuria — established nephropathy),ADA 2024 / KDIGO 2022,ADA: screen all T2DM at diagnosis; all T1DM after 5 yr. Spot urine. Confirm on 2 of 3 samples over 3–6 months. Critical for diabetic kidney disease staging.
Diabetes,egfr,Estimated GFR (CKD-EPI equation),mL/min/1.73m²,60,NA,No,NA,NA,NA,NA,LOW_BAD,60,NA,30,NA,>= 60 mL/min/1.73m²,30–59 (CKD Stage 3 — diabetic kidney disease),< 30 (CKD Stage 4–5 — advanced diabetic nephropathy),ADA 2024 / KDIGO 2022,Calculated from serum creatinine using 2021 CKD-EPI equation (race-free). Screen annually in all diabetics. Decline = diabetic nephropathy progression.
Diabetes,bmi,Body Mass Index (BMI),kg/m²,18.5,24.9,No,NA,NA,NA,NA,HIGH_BAD,NA,25.0,NA,35.0,18.5–24.9 kg/m²,25.0–34.9 kg/m² (overweight to obese — T2DM risk factor),>= 35.0 kg/m² (severe obesity; strong T2DM association),WHO / ADA 2024,Not a blood test but key T2DM risk factor. For South Asian population (incl. India): use adjusted cutoffs — >= 23 overweight; >= 25 obese (lower threshold due to higher metabolic risk at lower BMI).
Diabetes,total_cholesterol,Total Cholesterol,mg/dL,NA,199,No,NA,NA,NA,NA,HIGH_BAD,NA,200,NA,240,< 200 mg/dL (desirable),200–239 mg/dL (borderline high),>= 240 mg/dL (high),NCEP ATP III / ADA 2024,"Secondary feature. Dyslipidaemia is key comorbidity of T2DM. Provides context for CVD risk calculation alongside LDL, HDL, TG."
Anemia,hemoglobin,Hemoglobin (Hgb / Hb),g/dL,NA,NA,Yes,13.0,17.5,12.0,15.5,LOW_BAD,10.0,NA,7.0,NA,>= 13.0 g/dL (men); >= 12.0 g/dL (women),10.0–12.9 g/dL (men) or 10.0–11.9 g/dL (women) — mild anaemia,< 7.0 g/dL (severe anaemia; transfusion often required),WHO 2011 Technical Report: Haemoglobin Concentrations for Diagnosis of Anaemia (WHO/NMH/NHD/MNM/11.1),Primary diagnostic criterion. Mild=10–12.9(M)/10–11.9(F); Moderate=7.0–9.9; Severe=5.0–6.9; Life-threatening <5.0. Pregnant women: mild <11.0 g/dL.
Anemia,hematocrit,Hematocrit (Hct / PCV),%,NA,NA,Yes,40,54,36,48,LOW_BAD,30,NA,21,NA,40–54% (men); 36–48% (women),30–39% (men); 30–35% (women),< 21% (severe — transfusion evaluation required),NHANES / Clinical laboratory reference ranges,Hematocrit ≈ 3× Hemoglobin value. Cross-check for anaemia. Hct < 21% typically requires transfusion. Part of standard CBC.
Anemia,rbc_count,Red Blood Cell Count (RBC),×10⁶/µL,NA,NA,Yes,4.5,5.9,4.0,5.2,LOW_BAD,3.5,NA,2.5,NA,4.5–5.9 ×10⁶/µL (men); 4.0–5.2 ×10⁶/µL (women),3.5–4.49 (men); 3.5–3.99 (women) ×10⁶/µL,< 2.5 ×10⁶/µL (aplastic anaemia / severe haemorrhage),NHANES / Clinical laboratory reference ranges,Low RBC = anaemia or blood loss. High RBC (>6.0M men/>5.5M women) = polycythaemia. Used with MCV to type anaemia.
Anemia,mcv,Mean Corpuscular Volume (MCV),fL,80,100,No,NA,NA,NA,NA,BOTH,75,100,60,115,80–100 fL (normocytic),75–79 fL (mild microcytic) OR 101–114 fL (mild macrocytic),< 60 fL (severe microcytic; thalassaemia) OR >= 115 fL (severe macrocytic),WHO / NHANES / Clinical laboratory reference ranges,Critical for anaemia typing: <80=microcytic (iron deficiency/thalassaemia); 80–100=normocytic (haemolysis/ACD); >100=macrocytic (B12/folate deficiency). Most important morphological marker. Present in Kaggle anemia dataset.
Anemia,mch,Mean Corpuscular Hemoglobin (MCH),pg,27,33,No,NA,NA,NA,NA,BOTH,25,33,20,40,27–33 pg,25–26.9 pg (hypochromic) OR 33.1–39.9 pg,< 20 pg (severe iron deficiency) OR >= 40 pg,NHANES / Clinical laboratory reference ranges,MCH = Hgb/RBC × 10. Low MCH = hypochromic = iron deficiency or thalassaemia. Closely correlated with MCV. In Kaggle anemia dataset.
Anemia,mchc,Mean Corpuscular Hgb Concentration (MCHC),g/dL,31.5,35.7,No,NA,NA,NA,NA,BOTH,30.0,35.7,28.0,36.5,31.5–35.7 g/dL,30.0–31.4 g/dL (mild hypochromic) OR 35.8–36.5 g/dL,< 28.0 g/dL (severe hypochromia) OR > 36.5 g/dL (spherocytosis),NHANES / Clinical laboratory reference ranges,MCHC = Hgb/Hct × 100. <30 = hypochromic (iron deficiency). >36.5 = hyperchromic (hereditary spherocytosis). Feature in Kaggle anemia dataset.
Anemia,rdw,Red Cell Distribution Width (RDW),%,11.5,14.5,No,NA,NA,NA,NA,HIGH_BAD,NA,14.5,NA,18.0,11.5–14.5%,14.6–18.0% (anisocytosis — mixed or early deficiency),> 18.0% (severe anisocytosis),NHANES / Clinical laboratory reference ranges,Measures RBC size variation. High RDW + low MCV = iron deficiency. High RDW + high MCV = B12/folate. Normal RDW + low MCV = thalassaemia (key differentiator). High RDW + normal MCV = mixed deficiency.
Anemia,serum_ferritin,Serum Ferritin,ng/mL,NA,NA,Yes,24,336,11,307,LOW_BAD,30,NA,10,NA,> 30 ng/mL (functional iron stores adequate),10–30 ng/mL (depleted iron stores — pre-latent iron deficiency),< 10 ng/mL (severely depleted — iron deficiency anaemia established),WHO 2011 / NHANES / Endocrine Society,Best single test for iron stores. WHO threshold for iron deficiency: <12 ng/mL (children/women). NOTE: acute phase reactant — falsely ELEVATED in infection/inflammation even with iron deficiency. Confirm with serum iron + TIBC.
Anemia,serum_iron,Serum Iron,µg/dL,NA,NA,Yes,65,175,50,170,LOW_BAD,60,NA,30,NA,65–175 µg/dL (men); 50–170 µg/dL (women),30–64 µg/dL (low serum iron — iron deficiency),< 30 µg/dL (severely depleted — overt iron deficiency),NHANES / Clinical laboratory reference ranges,Diurnal variation; not reliable alone. Use with TIBC and ferritin. Low iron + high TIBC + low ferritin = iron deficiency confirmed. In ACD (anaemia of chronic disease): iron low but TIBC also low.
Anemia,tibc,Total Iron Binding Capacity (TIBC),µg/dL,250,370,No,NA,NA,NA,NA,HIGH_BAD,NA,370,NA,450,250–370 µg/dL,370–450 µg/dL (elevated TIBC — iron deficiency),> 450 µg/dL (severely elevated — significant iron deficiency),NHANES / Clinical laboratory reference ranges,"TIBC inversely reflects iron stores. High TIBC = iron deficiency. LOW TIBC = anaemia of chronic disease (ACD), malnutrition, or protein deficiency. Critical differentiator between IDA and ACD."
Anemia,transferrin_saturation,Transferrin Saturation (TSAT),%,20,50,No,NA,NA,NA,NA,LOW_BAD,20,NA,10,NA,20–50%,10–19.9% (functional iron deficiency),< 10% (severe iron deficiency — erythropoiesis impaired),KDIGO 2012 / NHANES,TSAT = (Serum Iron / TIBC) × 100. < 20% = functional iron deficiency. < 16% = traditional iron deficiency cutoff. Key in CKD anaemia management (KDIGO target: TSAT > 30% before ESA therapy).
Anemia,vitamin_b12,Vitamin B12 (Cobalamin),pg/mL,200,900,No,NA,NA,NA,NA,LOW_BAD,300,NA,150,NA,>= 300 pg/mL,150–299 pg/mL (borderline — grey zone; confirm with MMA/homocysteine),< 150 pg/mL (true B12 deficiency — megaloblastic anaemia risk),AHA / Endocrine Society / NHANES laboratory standards,B12 deficiency → macrocytic megaloblastic anaemia + subacute combined degeneration of spinal cord. Very common in vegetarians/vegans and in India. Metformin depletes B12. Confirm with elevated MMA and homocysteine.
Anemia,serum_folate,Serum Folate (Folic Acid),ng/mL,2.7,17.0,No,NA,NA,NA,NA,LOW_BAD,4.0,NA,2.0,NA,>= 4.0 ng/mL,2.0–3.99 ng/mL (borderline folate deficiency),< 2.0 ng/mL (folate deficiency — megaloblastic anaemia risk),WHO / CDC / NHANES,Folate deficiency → macrocytic anaemia WITHOUT neurological symptoms (unlike B12). Critical in pregnancy (neural tube defect prevention — target > 4.0). RBC folate > 180 ng/mL better long-term indicator.
Anemia,reticulocyte_count,Reticulocyte Count,%,0.5,1.5,No,NA,NA,NA,NA,BOTH,0.5,1.5,0.2,5.0,0.5–1.5%,< 0.5% (hypoproliferative) OR 1.5–5.0% (haemolysis/recovery),< 0.2% (aplastic anaemia / PRCA) OR > 5.0% (severe haemolysis),NHANES / Clinical laboratory reference ranges,Immature RBCs. Low = bone marrow not producing enough (IDA/B12/aplastic). High = compensating (haemolysis/bleeding recovery). KEY for differentiating hypoproliferative vs haemolytic anaemia.
Anemia,wbc_count,White Blood Cell Count (WBC / TLC),×10³/µL,4.5,11.0,No,NA,NA,NA,NA,BOTH,3.5,11.0,2.0,30.0,4.5–11.0 ×10³/µL,3.5–4.4 (leukopenia) OR 11.1–30.0 (leukocytosis) ×10³/µL,< 2.0 (severe leukopenia/aplastic) OR > 30.0 (leukaemia concern) ×10³/µL,NHANES / Clinical laboratory reference ranges,Pancytopenia (low Hgb + low WBC + low PLT) = aplastic anaemia or haemolological malignancy. Low WBC in aplastic anaemia; elevated in infection-driven ACD. Important for anaemia type classification.
Anemia,platelet_count,Platelet Count (PLT / Thrombocytes),×10³/µL,150,400,No,NA,NA,NA,NA,BOTH,100,400,50,1000,150–400 ×10³/µL,100–149 (mild thrombocytopenia) OR 401–1000 (thrombocytosis) ×10³/µL,< 50 (severe thrombocytopenia — bleeding risk) OR > 1000 ×10³/µL,NHANES / Clinical laboratory reference ranges,Thrombocytopenia + anaemia = aplastic anaemia / bone marrow failure / ITP / DIC / hypersplenism. Included in Kaggle anemia dataset. Pancytopenia detection requires all three CBC lines.
CKD,egfr,Estimated GFR (CKD-EPI 2021 equation),mL/min/1.73m²,60,NA,No,NA,NA,NA,NA,LOW_BAD,30,NA,15,NA,>= 60 (G1–G2; normal to mildly decreased),30–59 (G3a–G3b; mildly to moderately–severely decreased),< 15 (G5; kidney failure),KDIGO 2022 CKD Clinical Practice Guideline,"Primary CKD staging marker. CKD = eGFR < 60 for >= 3 months OR albuminuria >= 30 mg/g for >= 3 months. Use 2021 race-free CKD-EPI equation. Calculated from serum creatinine, age, sex."
CKD,serum_creatinine,Serum Creatinine,mg/dL,NA,NA,Yes,0.74,1.35,0.59,1.04,HIGH_BAD,NA,1.35,NA,4.0,0.74–1.35 mg/dL (men); 0.59–1.04 mg/dL (women),1.36–4.0 mg/dL (elevated; CKD Stage 3–4),> 4.0 mg/dL (severe renal impairment; CKD Stage 5),KDIGO 2022 / NHANES 2017–2020 reference intervals,"Input for CKD-EPI eGFR equation. Affected by muscle mass (lower in elderly/women/malnourished → overestimates GFR). Use in conjunction with eGFR, not standalone."
CKD,bun,Blood Urea Nitrogen (BUN),mg/dL,7,20,No,NA,NA,NA,NA,HIGH_BAD,NA,21,NA,50,7–20 mg/dL,21–50 mg/dL (mild–moderate uraemia),> 50 mg/dL (severe uraemia; uraemic symptoms likely > 60–80),NHANES / Clinical laboratory reference ranges,BUN/Creatinine ratio: 10–20 = normal. > 20 = prerenal azotaemia (dehydration). < 10 = liver disease/malnutrition. Urea itself is 2.14× BUN value.
CKD,uacr,Urine Albumin-Creatinine Ratio (UACR),mg/g,NA,29,No,NA,NA,NA,NA,HIGH_BAD,NA,30,NA,300,< 30 mg/g (A1 — normal to mildly increased),30–300 mg/g (A2 — moderately increased; microalbuminuria),> 300 mg/g (A3 — severely increased; macroalbuminuria),KDIGO 2022 CKD Clinical Practice Guideline,"Albuminuria categories per KDIGO 2022: A1 (<30), A2 (30–300), A3 (>300). Combined with GFR for CKD risk staging. Spot urine (first morning void preferred). Confirm on 2 of 3 samples."
CKD,uric_acid,Serum Uric Acid,mg/dL,NA,NA,Yes,3.5,7.2,2.6,6.0,HIGH_BAD,NA,7.2,NA,10.0,3.5–7.2 mg/dL (men); 2.6–6.0 mg/dL (women),>= 7.2 mg/dL men; >= 6.0 mg/dL women (hyperuricaemia — gout risk),> 10.0 mg/dL (severe hyperuricaemia; urate nephropathy risk),ACR Gout Guidelines 2020 / NHANES,"Hyperuricaemia common in CKD (reduced renal excretion) and precipitates gout. Uric acid is nephrotoxic at high levels. Also elevated in metabolic syndrome, thiazide use, dehydration."
CKD,serum_albumin,Serum Albumin,g/dL,3.5,5.0,No,NA,NA,NA,NA,LOW_BAD,3.5,NA,3.0,NA,3.5–5.0 g/dL,3.0–3.49 g/dL (mild hypoalbuminaemia — malnutrition / early nephrotic),< 3.0 g/dL (severe — poor CKD prognosis; nephrotic syndrome),KDIGO 2022 / NHANES / AASLD 2023,Reflects hepatic synthetic function AND nutritional status. Low albumin in CKD = protein loss (nephrotic) + inflammation + malnutrition. Major prognostic marker in CKD. Also used in liver model.
CKD,potassium,Serum Potassium (K+),mEq/L,3.5,5.0,No,NA,NA,NA,NA,BOTH,3.5,5.0,2.5,6.0,3.5–5.0 mEq/L,3.0–3.49 (mild hypokalaemia) OR 5.1–6.0 (mild hyperkalaemia — common in CKD),< 2.5 (severe hypokalaemia; arrhythmia risk) OR > 6.0 (severe hyperkalaemia; cardiac arrest risk),KDIGO 2022 / Clinical laboratory reference ranges,Hyperkalaemia is one of the most dangerous CKD complications. eGFR < 45 → monitor K+ every 3 months. > 6.0 mEq/L = medical emergency. ACE inhibitors / ARBs + CKD raise K+ further.
CKD,sodium,Serum Sodium (Na+),mEq/L,136,145,No,NA,NA,NA,NA,BOTH,130,145,125,155,136–145 mEq/L,130–135 (mild hyponatraemia) OR 146–155 (mild hypernatraemia),< 125 (severe hyponatraemia; seizure risk) OR > 155 (severe hypernatraemia),NHANES / Clinical laboratory reference ranges,Hyponatraemia common in advanced CKD (fluid retention). SIADH must be excluded. Rapid correction of hyponatraemia → osmotic demyelination syndrome. Correct slowly (< 8–10 mEq/L per 24 hr).
CKD,bicarbonate,Serum Bicarbonate (CO2),mEq/L,22,29,No,NA,NA,NA,NA,LOW_BAD,22,NA,15,NA,22–29 mEq/L,18–21.9 mEq/L (mild metabolic acidosis — CKD Stage 3+),< 15 mEq/L (severe metabolic acidosis — CKD Stage 4–5),KDIGO 2022 / Clinical laboratory reference ranges,Metabolic acidosis is universal in advanced CKD due to reduced acid excretion. Bicarbonate < 22 mEq/L accelerates CKD progression and bone disease. KDIGO recommends supplementation when < 22.
CKD,phosphorus,Serum Phosphorus (PO4),mg/dL,2.5,4.5,No,NA,NA,NA,NA,HIGH_BAD,NA,4.5,NA,6.5,2.5–4.5 mg/dL,4.6–6.5 mg/dL (hyperphosphataemia — CKD Stage 3b+),> 6.5 mg/dL (severe hyperphosphataemia; vascular calcification risk),KDIGO 2017 CKD-MBD Guidelines,"Elevated in CKD due to reduced renal excretion. Causes secondary hyperparathyroidism, renal osteodystrophy, vascular calcification. Dietary phosphate restriction required > 4.5 mg/dL."
CKD,calcium,Serum Calcium (Total),mg/dL,8.5,10.5,No,NA,NA,NA,NA,BOTH,8.5,10.5,7.0,12.0,8.5–10.5 mg/dL,8.0–8.49 (mild hypocalcaemia — CKD-MBD) OR 10.6–12.0 (mild hypercalcaemia),< 7.0 (severe hypocalcaemia; tetany) OR > 12.0 (hypercalcaemic crisis),KDIGO 2017 CKD-MBD / Clinical laboratory reference ranges,Correct for albumin: corrected Ca = measured Ca + 0.8 × (4.0 − albumin). Hypocalcaemia in CKD from reduced vitamin D + hyperphosphataemia. Must measure ionised calcium if albumin is low.
CKD,hemoglobin,Hemoglobin (Renal Anaemia),g/dL,NA,NA,Yes,13.0,17.5,12.0,15.5,LOW_BAD,11.0,NA,8.0,NA,>= 13.0 g/dL (men); >= 12.0 g/dL (women),11.0–12.9 g/dL (men); 11.0–11.9 g/dL (women) — CKD anaemia,< 8.0 g/dL (severe renal anaemia; ESA therapy indicated),KDIGO 2012 Anaemia of CKD Guideline,Normocytic normochromic anaemia of CKD due to EPO deficiency (reduced production by diseased kidney). KDIGO: start ESA when Hgb < 10 g/dL in CKD. Target Hgb 10–11.5 g/dL with ESA. Exclude iron deficiency first.
CKD,pth,Parathyroid Hormone (PTH),pg/mL,10,65,No,NA,NA,NA,NA,HIGH_BAD,NA,65,NA,300,10–65 pg/mL,65–300 pg/mL (secondary hyperparathyroidism — CKD Stage 3+),> 300 pg/mL (severe secondary hyperPTH — CKD Stage 4–5),KDIGO 2017 CKD-MBD Guidelines,Secondary hyperPTH = compensatory response to hypocalcaemia + hyperphosphataemia + low vitamin D in CKD. PTH target in dialysis patients: 2–9× upper limit of normal (KDIGO). Drives renal osteodystrophy.
Cardiovascular_Risk,ldl,LDL Cholesterol (Low-Density Lipoprotein),mg/dL,NA,99,No,NA,NA,NA,NA,HIGH_BAD,NA,130,NA,190,< 100 mg/dL (optimal),130–189 mg/dL (borderline to high; Framingham risk elevated),>= 190 mg/dL (very high; familial hypercholesterolaemia),AHA/ACC 2019 Guideline on Primary Prevention of CVD / ACC/AHA 2018 Cholesterol Guideline,Primary CVD risk marker. Friedewald: LDL = Total_Chol − HDL − (TG/5); invalid if TG > 400 mg/dL — use direct LDL. Thresholds: <70 very high risk; <100 high risk; <130 moderate risk (AHA/ACC 2018).
Cardiovascular_Risk,hdl,HDL Cholesterol (High-Density Lipoprotein),mg/dL,NA,NA,Yes,40,NA,50,NA,LOW_BAD,35,NA,30,NA,>= 60 mg/dL (cardioprotective); 40–59 (men); 50–59 (women) normal,35–39 mg/dL (men); 40–49 mg/dL (women) — low HDL (CVD risk),< 35 mg/dL (men); < 40 mg/dL (women) — very low (strong risk factor),AHA/ACC 2019 / NCEP ATP III,"HDL < 40 (men) / < 50 (women) = metabolic syndrome criterion. >= 60 mg/dL = negative risk factor (protective). HDL inversely correlates with CVD events. Elevated by exercise, moderate alcohol, niacin."
Cardiovascular_Risk,total_cholesterol,Total Cholesterol,mg/dL,NA,199,No,NA,NA,NA,NA,HIGH_BAD,NA,200,NA,240,< 200 mg/dL (desirable),200–239 mg/dL (borderline high),>= 240 mg/dL (high; doubled CVD risk vs < 200),NCEP ATP III / AHA/ACC 2019,"Input for Framingham and PCE (Pooled Cohort Equations) 10-year CVD risk score. TC alone not sufficient; use with LDL, HDL, TG. TC/HDL ratio > 5.0 is independent risk predictor."
Cardiovascular_Risk,triglycerides,Triglycerides (Fasting),mg/dL,NA,149,No,NA,NA,NA,NA,HIGH_BAD,NA,150,NA,500,< 150 mg/dL (normal),150–499 mg/dL (borderline to high; independent CVD risk factor),>= 500 mg/dL (very high; pancreatitis risk),AHA/ACC 2019 / Endocrine Society 2012 Hypertriglyceridaemia Guideline,"Fasting sample. Elevated TG = metabolic syndrome, T2DM, hypothyroidism. TG 150–199 borderline; 200–499 high; >= 500 very high (chylomicronaemia + pancreatitis). At >400, Friedewald LDL formula invalid."
Cardiovascular_Risk,non_hdl_cholesterol,Non-HDL Cholesterol (Total Chol − HDL),mg/dL,NA,129,No,NA,NA,NA,NA,HIGH_BAD,NA,130,NA,190,< 130 mg/dL (optimal),130–189 mg/dL (above optimal; secondary target),>= 190 mg/dL (very high; familial hypercholesterolaemia range),AHA/ACC 2018 / NCEP ATP III,Calculated: Non-HDL = Total_Chol − HDL. Includes all atherogenic particles (LDL + VLDL + IDL + Lp(a)). Better predictor than LDL when TG > 200. Non-HDL target = LDL target + 30 mg/dL.
Cardiovascular_Risk,hscrp,High-Sensitivity CRP (hsCRP),mg/L,NA,1.0,No,NA,NA,NA,NA,HIGH_BAD,NA,1.0,NA,3.0,< 1.0 mg/L (low CVD risk),1.0–3.0 mg/L (average CVD risk; intermediate zone),> 3.0 mg/L (high CVD risk); > 10 = acute phase (rule out infection),AHA/ACC 2003 Scientific Statement on hsCRP / Reynolds Risk Score,"Inflammatory marker that independently predicts CVD events. JUPITER trial: statins reduced events in hsCRP > 2 + LDL < 130. If > 10 mg/L, repeat after 2 weeks to exclude acute infection/inflammation."
Cardiovascular_Risk,apolipoprotein_b,Apolipoprotein B (ApoB),mg/dL,NA,99,No,NA,NA,NA,NA,HIGH_BAD,NA,100,NA,130,< 80 mg/dL (optimal for high-risk patients); < 100 mg/dL (normal),100–129 mg/dL (elevated; above optimal),>= 130 mg/dL (high; strong predictor of atherosclerosis),EAS/EFLM Consensus 2022 / ACC/AHA 2018,Each ApoB = one atherogenic lipoprotein particle. Better predictor of CVD than LDL-C especially when TG elevated or LDL-C discordant. European guidelines increasingly recommend ApoB over LDL-C.
Cardiovascular_Risk,lipoprotein_a,Lipoprotein(a) — Lp(a),mg/dL,NA,29,No,NA,NA,NA,NA,HIGH_BAD,NA,30,NA,50,< 30 mg/dL,30–50 mg/dL (borderline elevated; moderate CVD risk increase),> 50 mg/dL (high; independent strong CVD and ASCVD risk factor),EAS Consensus on Lp(a) 2022 / ACC/AHA 2018 Cholesterol Guideline,"Genetically determined; unaffected by diet. Measure once in lifetime. Elevated in >20% of South Asian population. New specific therapies (inclisiran, PCSK9i) are modestly effective. Convert nmol/L × 0.43 = mg/dL."
Cardiovascular_Risk,homocysteine,Total Homocysteine,µmol/L,5,15,No,NA,NA,NA,NA,HIGH_BAD,NA,15,NA,30,5–15 µmol/L,15–30 µmol/L (mild hyperhomocysteinaemia — CVD risk),> 30 µmol/L (severe — very high thrombosis + CVD risk),AHA / NHANES / European CVD Prevention Guidelines 2021,"Elevated by B12/folate/B6 deficiency, CKD, hypothyroidism, smoking. Treated with B vitamin supplementation. Common in vegetarians. Independently associated with CVD, stroke, and VTE."
Cardiovascular_Risk,fasting_glucose,Fasting Plasma Glucose (CVD context),mg/dL,70,99,No,NA,NA,NA,NA,HIGH_BAD,NA,100,NA,126,70–99 mg/dL,100–125 mg/dL (IFG — prediabetes; CVD risk elevated),>= 126 mg/dL (diabetes; 2–4× elevated CVD risk),AHA/ACC 2019 / ADA 2024,Included as CVD risk factor. Diabetes = major independent CVD risk equivalent. Prediabetes already elevates CVD risk. Fasting glucose integrated into PCE risk calculator.
Cardiovascular_Risk,systolic_bp,Systolic Blood Pressure,mmHg,NA,129,No,NA,NA,NA,NA,HIGH_BAD,NA,130,NA,180,< 130 mmHg (ACC/AHA 2017 target),130–179 mmHg (Stage 1–2 hypertension; significant CVD risk),>= 180 mmHg (Stage 3 / hypertensive urgency–emergency),AHA/ACC 2017 Hypertension Guideline,Not a blood test but most important modifiable CVD risk factor. Included in 10-year ASCVD risk (PCE) calculation. Measurement: 2+ readings on 2+ occasions. Target < 130/80 for high CVD risk patients.
Liver_Disease,alt_sgpt,ALT (SGPT — Alanine Aminotransferase),U/L,NA,NA,Yes,7,40,7,35,HIGH_BAD,NA,40,NA,120,< 40 U/L (men); < 35 U/L (women),40–120 U/L (1–3× ULN — mild hepatocellular injury),> 120 U/L (> 3× ULN — significant hepatocellular injury),AASLD 2023 Practice Guidelines / EASL 2023,"MOST liver-specific transaminase. AASLD 2023 updated normal limits: 29–33 U/L men; 19–25 U/L women (lower than traditional 40 U/L). 3–10× ULN = moderate; >10× ULN = severe hepatitis (viral, autoimmune, ischaemic). ALT elevation pattern: >AST in viral/NAFLD; AST>ALT in alcoholic hepatitis."
Liver_Disease,ast_sgot,AST (SGOT — Aspartate Aminotransferase),U/L,NA,40,No,NA,NA,NA,NA,HIGH_BAD,NA,40,NA,120,< 40 U/L,40–120 U/L (1–3× ULN — mild injury),> 120 U/L (> 3× ULN — significant injury); > 1000 = ischaemic/toxic hepatitis,AASLD 2023 / EASL 2023 / NHANES,Less liver-specific than ALT (also in cardiac/skeletal muscle). AST/ALT > 2 = alcoholic hepatitis. AST/ALT < 1 = NAFLD/viral hepatitis. Feature in UCI ILPD (Indian Liver Patient Dataset). Both required for comprehensive liver model.
Liver_Disease,alk_phosphatase,Alkaline Phosphatase (ALP),U/L,44,147,No,NA,NA,NA,NA,HIGH_BAD,NA,147,NA,440,44–147 U/L (adult; postpubertal),148–440 U/L (1–3× ULN — cholestatic or bone disease),> 440 U/L (> 3× ULN — significant cholestasis / bone metastasis),AASLD 2023 / NHANES laboratory reference,"Elevated mainly in cholestatic liver disease (PBC, PSC, bile duct obstruction) and bone disease (Paget, metastasis). NOTE: physiologically high in pregnancy and adolescent growth. Confirm liver origin with GGT (if GGT also high → liver source)."
Liver_Disease,ggt,GGT (Gamma-Glutamyl Transferase),U/L,NA,NA,Yes,10,55,6,38,HIGH_BAD,NA,55,NA,165,< 55 U/L (men); < 38 U/L (women),>= 55 (men) or >= 38 (women) to 3× ULN (mild–moderate elevation),> 165 (men) or > 114 (women) — > 3× ULN (significant elevation),NHANES / AASLD 2023 / Clinical laboratory reference ranges,"Highly sensitive for liver disease and alcohol use. GGT elevated in NAFLD, cholestasis, drug-induced liver injury, alcohol (most sensitive marker). Used to confirm ALP is of hepatic origin. Microsomal enzyme inducer (phenytoin, warfarin) elevates GGT without true liver disease."
Liver_Disease,total_bilirubin,Total Bilirubin,mg/dL,0.2,1.2,No,NA,NA,NA,NA,HIGH_BAD,NA,1.2,NA,3.0,0.2–1.2 mg/dL,1.2–3.0 mg/dL (mild hyperbilirubinaemia; scleral icterus at ~2.5),> 3.0 mg/dL (jaundice clinically evident); > 10.0 = severe/critical,AASLD 2023 / NHANES / Clinical laboratory reference ranges,Total = direct + indirect. In liver failure: ≥ 3 = MELD score component (mortality predictor). In haemolysis: indirect elevated. In bile duct obstruction: direct elevated. Gilbert syndrome: mild unconjugated hyperbilirubinaemia (benign).
Liver_Disease,direct_bilirubin,Direct Bilirubin (Conjugated),mg/dL,0.0,0.3,No,NA,NA,NA,NA,HIGH_BAD,NA,0.3,NA,2.0,0.0–0.3 mg/dL,0.3–2.0 mg/dL (cholestatic; hepatocellular; biliary obstruction),> 2.0 mg/dL (significant hepatocellular or obstructive jaundice),NHANES / AASLD 2023,"Elevated in hepatitis, cirrhosis, bile duct obstruction, Dubin-Johnson syndrome. Direct/Total ratio > 50% = conjugated hyperbilirubinaemia (hepatic/post-hepatic). < 20% = pre-hepatic (haemolysis). Feature in ILPD dataset."
Liver_Disease,serum_albumin,Serum Albumin,g/dL,3.5,5.0,No,NA,NA,NA,NA,LOW_BAD,3.5,NA,3.0,NA,3.5–5.0 g/dL,3.0–3.49 g/dL (mild hypoalbuminaemia; chronic liver disease),< 3.0 g/dL (severe; Child-Pugh score component; poor prognosis),AASLD 2023 / Child-Pugh-Turcotte Classification,"Reflects hepatic synthetic function (half-life 20 days; responds slowly). Low in cirrhosis, nephrotic syndrome, malnutrition, protein-losing enteropathy. One of 5 Child-Pugh criteria (cirrhosis prognosis). Feature in UCI ILPD."
Liver_Disease,total_protein,Total Protein,g/dL,6.0,8.3,No,NA,NA,NA,NA,BOTH,6.0,8.3,4.5,10.0,6.0–8.3 g/dL,4.5–5.9 g/dL (mild low; malnutrition/liver disease) OR 8.4–10.0 (mild high),< 4.5 g/dL (severe hypoproteinaemia) OR > 10.0 g/dL (paraprotein; MM),NHANES / AASLD / Clinical laboratory reference ranges,Total protein = albumin + globulin. Low in liver failure + malnutrition. High in multiple myeloma (paraproteinaemia) or dehydration. A/G ratio (normal 1.2–2.2) used with total protein in UCI ILPD dataset.
Liver_Disease,ag_ratio,Albumin/Globulin Ratio (A/G Ratio),ratio,1.2,2.2,No,NA,NA,NA,NA,LOW_BAD,1.2,NA,0.8,NA,1.2–2.2,0.8–1.19 (low A/G — chronic liver disease / autoimmune / infection),< 0.8 (reversed A/G — significant liver disease or gammopathy),AASLD / UCI ILPD dataset reference,"A/G = Albumin / (Total Protein − Albumin). Reversal (<1.0) suggests reduced albumin production (liver disease) or increased globulin (chronic infection, autoimmune, multiple myeloma). Key feature in UCI ILPD (Indian dataset)."
Liver_Disease,prothrombin_time,Prothrombin Time (PT),seconds,11.0,13.5,No,NA,NA,NA,NA,HIGH_BAD,NA,13.5,NA,18.0,11.0–13.5 seconds (INR 0.8–1.1),13.6–18.0 seconds (INR 1.1–1.5; mild coagulopathy),> 18.0 seconds (INR > 1.5; significant synthetic dysfunction),AASLD 2023 / Child-Pugh / MELD score criteria,"Clotting factor synthesis (II, VII, IX, X, protein C/S) depends on liver. PT prolonged in liver failure. INR = PT_patient/PT_control. MELD score uses INR. Child-Pugh: INR < 1.7 (1 pt); 1.7–2.3 (2 pts); > 2.3 (3 pts)."
Liver_Disease,inr,INR (International Normalised Ratio),ratio,0.8,1.1,No,NA,NA,NA,NA,HIGH_BAD,NA,1.1,NA,1.5,0.8–1.1,1.1–1.5 (mild coagulopathy; Child-Pugh 2 pts if 1.7–2.3),> 1.5 (significant liver synthetic dysfunction); > 2.3 = Child-Pugh 3 pts,AASLD 2023 / MELD Score Criteria,MELD = 3.78×ln(Bilirubin) + 11.2×ln(INR) + 9.57×ln(Creatinine) + 6.43. MELD > 15 = transplant evaluation. INR > 1.5 = coagulopathy requiring monitoring. Not affected by anticoagulants in this context.
Thyroid_Disorder,tsh,TSH (Thyroid Stimulating Hormone),mIU/L,0.4,4.0,No,NA,NA,NA,NA,BOTH,0.1,4.0,0.01,10.0,0.4–4.0 mIU/L (euthyroid),4.1–10.0 mIU/L (subclinical hypothyroidism) OR 0.1–0.39 (subclinical hyperthyroidism),> 10.0 mIU/L (overt hypothyroidism) OR < 0.1 mIU/L (overt hyperthyroidism),ATA 2023 Guidelines / Endocrine Society Clinical Practice Guideline 2012,TSH is the single most sensitive thyroid test. Pituitary TSH responds inversely to thyroid hormone levels. Most sensitive for early dysfunction. In pregnancy (first trimester) target TSH < 2.5 mIU/L. Elderly: upper limit may be higher (4.5–6.0).
Thyroid_Disorder,free_t4,Free T4 (Free Thyroxine — FT4),ng/dL,0.8,1.8,No,NA,NA,NA,NA,BOTH,0.8,1.8,0.5,3.0,0.8–1.8 ng/dL,0.5–0.79 ng/dL (low FT4 — hypothyroid) OR 1.9–2.9 ng/dL (mildly elevated),< 0.5 ng/dL (overt hypothyroidism) OR >= 3.0 ng/dL (overt hyperthyroidism),ATA 2023 / Endocrine Society 2012 / NHANES reference intervals,Free (unbound) thyroxine — the active circulating form. Measured directly (immunoassay) rather than calculated. Required to distinguish overt vs subclinical dysfunction: TSH high + FT4 normal = subclinical; TSH high + FT4 low = overt hypothyroidism.
Thyroid_Disorder,free_t3,Free T3 (Free Triiodothyronine — FT3),pg/mL,2.3,4.2,No,NA,NA,NA,NA,BOTH,2.3,4.2,1.5,6.0,2.3–4.2 pg/mL,1.5–2.29 pg/mL (low — hypothyroid) OR 4.3–5.9 pg/mL (mildly elevated),< 1.5 pg/mL (overt hypothyroidism) OR >= 6.0 pg/mL (overt hyperthyroidism; T3 toxicosis),ATA 2023 / Endocrine Society 2012,Most metabolically active thyroid hormone. FT3 elevated in early Graves disease and T3 thyrotoxicosis (FT3 rises before FT4). Also used in monitoring T3 replacement therapy. T3 toxicosis = TSH suppressed + FT4 normal + FT3 elevated.
Thyroid_Disorder,total_t4,Total T4 (Total Thyroxine),µg/dL,5.0,12.5,No,NA,NA,NA,NA,BOTH,5.0,12.5,3.0,15.0,5.0–12.5 µg/dL,3.0–4.9 µg/dL (low) OR 12.6–15.0 µg/dL (mildly elevated),< 3.0 µg/dL (overt hypothyroidism) OR > 15.0 µg/dL (overt hyperthyroidism),NHANES / Clinical laboratory reference ranges,"Includes protein-bound + free T4. Affected by TBG changes (pregnancy, OCP increase TBG → raises total T4 but not free T4). Less reliable than FT4 for diagnosis. Use in conjunction with FT4 and TSH. Feature in UCI Thyroid dataset."
Thyroid_Disorder,total_t3,Total T3 (Total Triiodothyronine),ng/dL,80,200,No,NA,NA,NA,NA,BOTH,80,200,50,250,80–200 ng/dL,50–79 ng/dL (low) OR 201–250 ng/dL (mildly elevated),< 50 ng/dL (severe hypothyroidism) OR > 250 ng/dL (T3 thyrotoxicosis),NHANES / Clinical laboratory reference ranges,Most active thyroid hormone. T3 toxicosis: FT3 elevated with normal FT4. In severe illness: low T3 syndrome (euthyroid sick syndrome) — T4 → reverse T3 instead of T3. Feature in UCI Thyroid dataset.
Thyroid_Disorder,anti_tpo,Anti-Thyroid Peroxidase Antibody (Anti-TPO),IU/mL,NA,34,No,NA,NA,NA,NA,HIGH_BAD,NA,35,NA,200,< 35 IU/mL (negative),35–200 IU/mL (positive; early autoimmune thyroid disease),> 200 IU/mL (strongly positive; Hashimoto thyroiditis or Graves disease),ATA 2023 / Endocrine Society 2012 / AACE/ATA Thyroid Nodule Guidelines,Elevated in 95% of Hashimoto thyroiditis (autoimmune hypothyroidism) and ~75% of Graves disease (autoimmune hyperthyroidism). Most useful antibody for autoimmune thyroid disease diagnosis. In euthyroid persons: elevated anti-TPO = 38× lifetime risk of developing hypothyroidism.
Thyroid_Disorder,anti_tg,Anti-Thyroglobulin Antibody (Anti-TG),IU/mL,NA,114,No,NA,NA,NA,NA,HIGH_BAD,NA,115,NA,500,< 115 IU/mL (negative),115–500 IU/mL (positive; autoimmune thyroid disease),> 500 IU/mL (strongly positive),ATA 2023 / Endocrine Society 2012,Elevated in 60–80% of Hashimoto and 50–70% of Graves. Less sensitive than anti-TPO for Hashimoto diagnosis. Critical for thyroid cancer monitoring: anti-TG interferes with thyroglobulin assay — must measure both.
Thyroid_Disorder,t3_resin_uptake,T3 Resin Uptake (T3RU),%,24,37,No,NA,NA,NA,NA,BOTH,24,37,18,42,24–37%,18–23.9% (low — hypothyroid or increased TBG) OR 37.1–42.0% (mildly elevated),< 18% (overt hypothyroidism or very high TBG) OR > 42% (hyperthyroidism),NHANES / Clinical laboratory reference ranges,"Indirect measure of TBG binding capacity. Used to calculate Free Thyroxine Index (FTI = T4 × T3RU/100). FTI normal = 4.2–13.0. If direct FT4 available, T3RU is redundant. Present in older datasets (UCI Thyroid dataset)."
Thyroid_Disorder,thyroglobulin,Thyroglobulin (Tg),ng/mL,1.5,38.5,No,NA,NA,NA,NA,HIGH_BAD,NA,38.5,NA,100,1.5–38.5 ng/mL (in intact thyroid),Context-dependent: post-thyroidectomy any detectable level = concerning,> 100 ng/mL OR any detectable level post-thyroidectomy (cancer recurrence),ATA 2015 Management Guidelines for Differentiated Thyroid Cancer,Primary use: thyroid cancer surveillance (tumour marker for papillary/follicular cancer). Undetectable post-thyroidectomy = complete remission. Rising level = recurrence. Anti-TG antibodies invalidate the assay. Not a routine thyroid function test.
